"State/Territory","tot_num_tracts_per_state","Greater than or equal to the 90th percentile for expected agriculture loss rate and is low income?","percent_Greater than or equal to the 90th percentile for expected agriculture loss rate and is low income?","Greater than or equal to the 90th percentile for expected building loss rate and is low income?","percent_Greater than or equal to the 90th percentile for expected building loss rate and is low income?","Greater than or equal to the 90th percentile for expected population loss rate and is low income?","percent_Greater than or equal to the 90th percentile for expected population loss rate and is low income?","Greater than or equal to the 90th percentile for share of properties at risk of flood in 30 years","percent_Greater than or equal to the 90th percentile for share of properties at risk of flood in 30 years","Greater than or equal to the 90th percentile for share of properties at risk of flood in 30 years and is low income?","percent_Greater than or equal to the 90th percentile for share of properties at risk of flood in 30 years and is low income?","Greater than or equal to the 90th percentile for share of properties at risk of fire in 30 years","percent_Greater than or equal to the 90th percentile for share of properties at risk of fire in 30 years","Greater than or equal to the 90th percentile for share of properties at risk of fire in 30 years and is low income?","percent_Greater than or equal to the 90th percentile for share of properties at risk of fire in 30 years and is low income?","Greater than or equal to the 90th percentile for energy burden and is low income?","percent_Greater than or equal to the 90th percentile for energy burden and is low income?","Greater than or equal to the 90th percentile for PM2.5 exposure and is low income?","percent_Greater than or equal to the 90th percentile for PM2.5 exposure and is low income?","Greater than or equal to the 90th percentile for diesel particulate matter and is low income?","percent_Greater than or equal to the 90th percentile for diesel particulate matter and is low income?","Greater than or equal to the 90th percentile for traffic proximity and is low income?","percent_Greater than or equal to the 90th percentile for traffic proximity and is low income?","Greater than or equal to the 90th percentile for DOT transit barriers and is low income?","percent_Greater than or equal to the 90th percentile for DOT transit barriers and is low income?","Greater than or equal to the 90th percentile for housing burden and is low income?","percent_Greater than or equal to the 90th percentile for housing burden and is low income?","Greater than or equal to the 90th percentile for lead paint, the median house value is less than 90th percentile and is low income?","percent_Greater than or equal to the 90th percentile for lead paint, the median house value is less than 90th percentile and is low income?","Greater than or equal to the 90th percentile for share of the tract's land area that is covered by impervious surface or cropland as a percent and is low income?","percent_Greater than or equal to the 90th percentile for share of the tract's land area that is covered by impervious surface or cropland as a percent and is low income?","Greater than or equal to the 90th percentile for share of the tract's land area that is covered by impervious surface or cropland as a percent","percent_Greater than or equal to the 90th percentile for share of the tract's land area that is covered by impervious surface or cropland as a percent","Greater than or equal to the 90th percentile for proximity to hazardous waste facilities and is low income?","percent_Greater than or equal to the 90th percentile for proximity to hazardous waste facilities and is low income?","Greater than or equal to the 90th percentile for proximity to superfund sites and is low income?","percent_Greater than or equal to the 90th percentile for proximity to superfund sites and is low income?","Greater than or equal to the 90th percentile for proximity to RMP sites and is low income?","percent_Greater than or equal to the 90th percentile for proximity to RMP sites and is low income?","Greater than or equal to the 90th percentile for wastewater discharge and is low income?","percent_Greater than or equal to the 90th percentile for wastewater discharge and is low income?","Greater than or equal to the 90th percentile for leaky underground storage tanks and is low income?","percent_Greater than or equal to the 90th percentile for leaky underground storage tanks and is low income?","Greater than or equal to the 90th percentile for asthma and is low income?","percent_Greater than or equal to the 90th percentile for asthma and is low income?","Greater than or equal to the 90th percentile for diabetes and is low income?","percent_Greater than or equal to the 90th percentile for diabetes and is low income?","Greater than or equal to the 90th percentile for heart disease and is low income?","percent_Greater than or equal to the 90th percentile for heart disease and is low income?","Greater than or equal to the 90th percentile for low life expectancy and is low income?","percent_Greater than or equal to the 90th percentile for low life expectancy and is low income?","Greater than or equal to the 90th percentile for low median household income as a percent of area median income and has low HS attainment?","percent_Greater than or equal to the 90th percentile for low median household income as a percent of area median income and has low HS attainment?","Greater than or equal to the 90th percentile for households in linguistic isolation and has low HS attainment?","percent_Greater than or equal to the 90th percentile for households in linguistic isolation and has low HS attainment?","Greater than or equal to the 90th percentile for unemployment and has low HS attainment?","percent_Greater than or equal to the 90th percentile for unemployment and has low HS attainment?","Greater than or equal to the 90th percentile for households at or below 100% federal poverty level and has low HS attainment?","percent_Greater than or equal to the 90th percentile for households at or below 100% federal poverty level and has low HS attainment?","Greater than or equal to the 90th percentile for unemployment and has low HS education in 2009 (island areas)?","percent_Greater than or equal to the 90th percentile for unemployment and has low HS education in 2009 (island areas)?","Greater than or equal to the 90th percentile for households at or below 100% federal poverty level and has low HS education in 2009 (island areas)?","percent_Greater than or equal to the 90th percentile for households at or below 100% federal poverty level and has low HS education in 2009 (island areas)?","Greater than or equal to the 90th percentile for low median household income as a percent of area median income and has low HS education in 2009 (island areas)?","percent_Greater than or equal to the 90th percentile for low median household income as a percent of area median income and has low HS education in 2009 (island areas)?"
"Alabama",1181,65,5.50381033022862,119,10.0762066045724,102,8.63674851820491,90,7.62066045723963,57,4.8264182895851,62,5.2497883149873,38,3.21761219305673,321,27.1803556308213,0,0,40,3.38696020321761,15,1.2701100762066,207,17.5275190516511,60,5.08044030482642,18,1.52413209144793,2,0.169348010160881,3,0.254022015241321,1,0.0846740050804403,24,2.03217612193057,52,4.4030482641829,41,3.47163420829805,13,1.10076206604572,175,14.8179508890771,318,26.92633361558,279,23.6240474174428,295,24.9788314987299,156,13.2091447925487,5,0.423370025402202,175,14.8179508890771,168,14.225232853514,0,0,0,0,0,0
"Alaska",167,0,0,0,0,18,10.7784431137725,27,16.1676646706587,5,2.9940119760479,0,0,0,0,20,11.9760479041916,0,0,1,0.598802395209581,1,0.598802395209581,3,1.79640718562874,1,0.598802395209581,0,0,0,0,0,0,0,0,1,0.598802395209581,0,0,0,0,3,1.79640718562874,12,7.18562874251497,2,1.19760479041916,7,4.19161676646707,6,3.59281437125748,10,5.98802395209581,1,0.598802395209581,18,10.7784431137725,4,2.39520958083832,0,0,0,0,0,0
"Arizona",1526,80,5.24246395806029,36,2.35910878112713,17,1.11402359108781,50,3.27653997378768,25,1.63826998689384,578,37.8768020969856,166,10.8781127129751,81,5.30799475753604,0,0,108,7.07732634338139,56,3.6697247706422,72,4.71821756225426,85,5.57011795543906,3,0.196592398427261,32,2.09698558322412,54,3.53866317169069,21,1.37614678899083,16,1.04849279161206,76,4.98034076015727,74,4.84927916120577,8,0.524246395806029,100,6.55307994757536,113,7.40498034076016,126,8.25688073394496,66,4.32503276539974,131,8.58453473132372,129,8.45347313237222,142,9.30537352555701,176,11.5334207077326,0,0,0,0,0,0
"Arkansas",686,50,7.28862973760933,87,12.6822157434402,209,30.466472303207,25,3.64431486880466,20,2.91545189504373,23,3.35276967930029,16,2.33236151603499,104,15.1603498542274,0,0,0,0,3,0.43731778425656,93,13.5568513119534,20,2.91545189504373,2,0.291545189504373,45,6.5597667638484,58,8.45481049562682,0,0,14,2.04081632653061,41,5.97667638483965,22,3.2069970845481,1,0.145772594752187,71,10.3498542274052,112,16.3265306122449,200,29.1545189504373,129,18.8046647230321,44,6.41399416909621,11,1.60349854227405,62,9.03790087463557,71,10.3498542274052,0,0,0,0,0,0
"California",8057,137,1.70038475859501,108,1.34044929874643,27,0.335112324686608,1183,14.6828844483058,363,4.50539903189773,1991,24.7114310537421,436,5.41144346530967,106,1.31562616358446,1788,22.191882834802,518,6.42919200695048,587,7.28559017003848,277,3.43800421993298,1273,15.7999255305945,143,1.77485416408092,771,9.5693186049398,1428,17.7237185056473,960,11.9151048777461,333,4.13305200446816,661,8.2040461710314,425,5.27491622191883,256,3.17736130073228,104,1.29080302842249,168,2.08514335360556,112,1.39009556907037,157,1.94861611021472,373,4.62951470770758,1930,23.954325431302,675,8.3778081171652,474,5.88308303338712,0,0,0,0,0,0
"Colorado",1249,0,0,41,3.2826261008807,38,3.04243394715773,14,1.1208967173739,5,0.400320256204964,397,31.7854283426741,52,4.16333066453163,34,2.72217774219376,0,0,22,1.76140912730184,25,2.00160128102482,17,1.36108887109688,54,4.32345876701361,25,2.00160128102482,5,0.400320256204964,20,1.60128102481986,0,0,47,3.76301040832666,46,3.68294635708567,32,2.56204963971177,17,1.36108887109688,19,1.52121697357886,3,0.240192153722978,8,0.640512409927942,33,2.64211369095276,57,4.56365092073659,43,3.44275420336269,29,2.32185748598879,26,2.08166533226581,0,0,0,0,0,0
"Connecticut",833,3,0.360144057623049,0,0,0,0,59,7.0828331332533,17,2.04081632653061,0,0,0,0,98,11.7647058823529,0,0,0,0,41,4.92196878751501,2,0.240096038415366,105,12.6050420168067,47,5.6422569027611,40,4.80192076830732,52,6.24249699879952,69,8.28331332533013,17,2.04081632653061,13,1.56062424969988,10,1.20048019207683,31,3.72148859543818,88,10.5642256902761,17,2.04081632653061,4,0.480192076830732,20,2.40096038415366,108,12.9651860744298,108,12.9651860744298,95,11.4045618247299,55,6.60264105642257,0,0,0,0,0,0
"Delaware",218,0,0,0,0,0,0,21,9.63302752293578,2,0.917431192660551,0,0,0,0,6,2.75229357798165,0,0,0,0,8,3.6697247706422,1,0.458715596330275,10,4.58715596330275,10,4.58715596330275,6,2.75229357798165,9,4.12844036697248,9,4.12844036697248,24,11.0091743119266,2,0.917431192660551,7,3.21100917431193,2,0.917431192660551,19,8.71559633027523,11,5.04587155963303,3,1.37614678899083,12,5.5045871559633,10,4.58715596330275,3,1.37614678899083,3,1.37614678899083,8,3.6697247706422,0,0,0,0,0,0
"District of Columbia",179,0,0,0,0,0,0,5,2.79329608938547,4,2.23463687150838,0,0,0,0,4,2.23463687150838,0,0,1,0.558659217877095,29,16.2011173184358,0,0,27,15.0837988826816,2,1.11731843575419,2,1.11731843575419,50,27.9329608938547,21,11.731843575419,23,12.8491620111732,0,0,0,0,20,11.1731843575419,48,26.8156424581006,22,12.2905027932961,0,0,32,17.877094972067,44,24.5810055865922,8,4.46927374301676,40,22.3463687150838,19,10.6145251396648,0,0,0,0,0,0
"Florida",4245,175,4.12249705535925,367,8.64546525323911,33,0.777385159010601,1475,34.7467608951708,502,11.8256772673734,898,21.1542991755006,317,7.46760895170789,163,3.83981154299175,0,0,313,7.37338044758539,201,4.73498233215548,212,4.99411071849234,428,10.0824499411072,18,0.424028268551237,56,1.31919905771496,77,1.81389870435807,14,0.32979976442874,280,6.59599528857479,237,5.58303886925795,59,1.38987043580683,562,13.2391048292108,131,3.08598351001178,574,13.5217903415783,567,13.356890459364,296,6.97290930506478,250,5.88928150765607,566,13.3333333333333,293,6.90223792697291,258,6.07773851590106,0,0,0,0,0,0
"Georgia",1969,68,3.45352971051295,43,2.18384966988319,18,0.914169629253428,58,2.94565769426105,23,1.16810563737938,26,1.32046724225495,15,0.761808024377857,297,15.0837988826816,0,0,51,2.59014728288471,56,2.84408329101067,237,12.0365667851701,158,8.02437785678009,12,0.609446419502286,4,0.203148806500762,16,0.812595226003047,0,0,48,2.43778567800914,121,6.14525139664804,26,1.32046724225495,16,0.812595226003047,156,7.92280345352971,356,18.0802437785678,209,10.6145251396648,240,12.1889283900457,219,11.1223971559167,76,3.85982732351447,198,10.0558659217877,213,10.8176739461656,0,0,0,0,0,0
"Hawaii",351,0,0,0,0,1,0.284900284900285,97,27.6353276353276,15,4.27350427350427,0,0,0,0,2,0.56980056980057,0,0,1,0.284900284900285,13,3.7037037037037,9,2.56410256410256,7,1.99430199430199,0,0,0,0,0,0,10,2.84900284900285,1,0.284900284900285,2,0.56980056980057,3,0.854700854700855,5,1.42450142450142,9,2.56410256410256,8,2.27920227920228,3,0.854700854700855,1,0.284900284900285,5,1.42450142450142,27,7.69230769230769,7,1.99430199430199,7,1.99430199430199,0,0,0,0,0,0
"Idaho",298,3,1.00671140939597,21,7.04697986577181,26,8.7248322147651,40,13.4228187919463,28,9.39597315436242,49,16.4429530201342,17,5.70469798657718,15,5.03355704697987,13,4.36241610738255,0,0,0,0,11,3.69127516778524,4,1.34228187919463,4,1.34228187919463,9,3.02013422818792,28,9.39597315436242,0,0,5,1.67785234899329,9,3.02013422818792,17,5.70469798657718,0,0,6,2.01342281879195,3,1.00671140939597,23,7.71812080536913,7,2.3489932885906,8,2.68456375838926,4,1.34228187919463,5,1.67785234899329,9,3.02013422818792,0,0,0,0,0,0
"Illinois",3123,3,0.0960614793467819,11,0.352225424271534,36,1.15273775216138,288,9.22190201729107,146,4.67499199487672,9,0.288184438040346,5,0.16010246557797,220,7.04450848543068,223,7.14056996477746,352,11.2712135766891,96,3.07396733909702,84,2.68972142170989,332,10.6308037143772,328,10.5027217419148,274,8.77361511367275,763,24.4316362471982,134,4.29074607748959,84,2.68972142170989,336,10.7588856868396,160,5.12327889849504,393,12.5840537944284,286,9.15786103105988,300,9.60614793467819,107,3.42619276336856,298,9.54210694844701,354,11.3352545629203,305,9.76625040025616,388,12.4239513288505,249,7.9731027857829,0,0,0,0,0,0
"Indiana",1511,7,0.463269358041032,7,0.463269358041032,33,2.18398411647915,50,3.30906684315023,31,2.05162144275314,17,1.12508272667108,10,0.661813368630046,155,10.2581072137657,0,0,11,0.727994705493051,60,3.97088021178028,51,3.37524818001324,86,5.6915949702184,151,9.9933818663137,41,2.71343481138319,180,11.9126406353408,59,3.90469887491727,173,11.4493712772998,154,10.1919258769027,61,4.03706154864328,78,5.16214427531436,188,12.4420913302449,151,9.9933818663137,148,9.79483785572469,240,15.8835208471211,143,9.46393117140966,20,1.32362673726009,111,7.34612839179351,146,9.66247518199868,0,0,0,0,0,0
"Iowa",825,13,1.57575757575758,12,1.45454545454545,59,7.15151515151515,29,3.51515151515151,14,1.6969696969697,8,0.96969696969697,2,0.242424242424242,23,2.78787878787879,0,0,0,0,13,1.57575757575758,8,0.96969696969697,15,1.81818181818182,48,5.81818181818182,22,2.66666666666667,210,25.4545454545455,0,0,37,4.48484848484848,61,7.39393939393939,6,0.727272727272727,9,1.09090909090909,2,0.242424242424242,11,1.33333333333333,34,4.12121212121212,26,3.15151515151515,29,3.51515151515151,20,2.42424242424242,21,2.54545454545455,19,2.3030303030303,0,0,0,0,0,0
"Kansas",770,9,1.16883116883117,35,4.54545454545455,87,11.2987012987013,10,1.2987012987013,5,0.649350649350649,84,10.9090909090909,41,5.32467532467532,88,11.4285714285714,0,0,1,0.12987012987013,7,0.909090909090909,7,0.909090909090909,16,2.07792207792208,48,6.23376623376623,9,1.16883116883117,30,3.8961038961039,8,1.03896103896104,5,0.649350649350649,84,10.9090909090909,10,1.2987012987013,30,3.8961038961039,51,6.62337662337662,41,5.32467532467532,37,4.80519480519481,59,7.66233766233766,57,7.4025974025974,35,4.54545454545455,29,3.76623376623377,43,5.58441558441558,0,0,0,0,0,0
"Kentucky",1115,10,0.896860986547085,62,5.56053811659193,121,10.8520179372197,113,10.1345291479821,100,8.96860986547085,1,0.0896860986547085,1,0.0896860986547085,160,14.3497757847534,0,0,10,0.896860986547085,21,1.88340807174888,199,17.847533632287,35,3.1390134529148,43,3.85650224215247,17,1.52466367713004,23,2.0627802690583,17,1.52466367713004,9,0.807174887892377,66,5.91928251121076,47,4.2152466367713,1,0.0896860986547085,104,9.32735426008969,176,15.7847533632287,361,32.3766816143498,213,19.1031390134529,123,11.0313901345291,8,0.717488789237668,119,10.6726457399103,160,14.3497757847534,0,0,0,0,0,0
"Louisiana",1148,125,10.8885017421603,363,31.6202090592334,204,17.7700348432056,514,44.7735191637631,269,23.4320557491289,43,3.74564459930314,20,1.74216027874564,254,22.1254355400697,0,0,131,11.411149825784,83,7.22996515679443,172,14.9825783972125,120,10.4529616724739,35,3.04878048780488,19,1.65505226480836,26,2.26480836236934,30,2.61324041811847,64,5.57491289198606,136,11.8466898954704,37,3.22299651567944,20,1.74216027874564,158,13.7630662020906,276,24.0418118466899,214,18.6411149825784,273,23.780487804878,168,14.6341463414634,17,1.4808362369338,191,16.6376306620209,214,18.6411149825784,0,0,0,0,0,0
"Maine",358,50,13.9664804469274,0,0,0,0,16,4.46927374301676,9,2.51396648044693,0,0,0,0,96,26.8156424581006,0,0,1,0.279329608938547,2,0.558659217877095,33,9.21787709497207,7,1.95530726256983,8,2.23463687150838,3,0.837988826815642,3,0.837988826815642,5,1.39664804469274,0,0,5,1.39664804469274,0,0,0,0,68,18.9944134078212,3,0.837988826815642,51,14.2458100558659,10,2.79329608938547,5,1.39664804469274,1,0.279329608938547,5,1.39664804469274,6,1.67597765363128,0,0,0,0,0,0
"Maryland",1406,9,0.640113798008535,8,0.568990042674253,0,0,39,2.77382645803698,9,0.640113798008535,1,0.0711237553342817,1,0.0711237553342817,71,5.049786628734,0,0,12,0.85348506401138,42,2.98719772403983,15,1.06685633001422,77,5.47652916073969,81,5.76102418207681,39,2.77382645803698,66,4.69416785206259,106,7.53911806543385,40,2.84495021337127,98,6.9701280227596,12,0.85348506401138,6,0.42674253200569,115,8.17923186344239,78,5.54765291607397,30,2.13371266002845,101,7.18349928876245,140,9.95732574679943,54,3.84068278805121,89,6.33001422475107,59,4.19630156472262,0,0,0,0,0,0
"Massachusetts",1478,1,0.06765899864682,0,0,1,0.06765899864682,118,7.98376184032476,40,2.7063599458728,1,0.06765899864682,0,0,72,4.87144790257104,0,0,51,3.45060893098782,123,8.32205683355886,1,0.06765899864682,133,8.99864682002706,99,6.69824086603518,115,7.7807848443843,304,20.5683355886333,89,6.02165087956698,39,2.63870094722598,46,3.11231393775372,2,0.13531799729364,28,1.89445196211096,144,9.74289580514208,31,2.09742895805142,20,1.3531799729364,13,0.87956698240866,147,9.94587280108254,215,14.5466847090663,71,4.80378890392422,70,4.7361299052774,0,0,0,0,0,0
"Michigan",2813,0,0,5,0.177746178457163,3,0.106647707074298,71,2.52399573409172,37,1.31532172058301,1,0.0355492356914326,1,0.0355492356914326,546,19.4098826875222,0,0,0,0,226,8.03412726626378,183,6.50551013153217,202,7.18094560966939,366,13.0110202630643,108,3.83931745467472,168,5.97227159616068,16,0.568787771062922,125,4.44365446142908,107,3.80376821898329,47,1.67081407749733,492,17.4902239601849,660,23.4624955563455,346,12.3000355492357,322,11.4468538926413,360,12.7977248489157,318,11.3046569498756,49,1.7419125488802,381,13.5442587984358,353,12.5488801990757,0,0,0,0,0,0
"Minnesota",1338,12,0.896860986547085,2,0.149476831091181,0,0,16,1.19581464872945,2,0.149476831091181,20,1.49476831091181,2,0.149476831091181,21,1.5695067264574,0,0,6,0.448430493273543,32,2.39162929745889,19,1.42002989536622,28,2.09267563527653,29,2.16741405082212,28,2.09267563527653,167,12.4813153961136,25,1.86846038863976,52,3.8863976083707,32,2.39162929745889,5,0.373692077727952,8,0.597907324364723,14,1.04633781763827,10,0.747384155455904,38,2.84005979073244,20,1.49476831091181,56,4.18535127055306,44,3.28849028400598,23,1.71898355754858,40,2.98953662182362,0,0,0,0,0,0
"Mississippi",664,16,2.40963855421687,199,29.9698795180723,143,21.5361445783133,64,9.63855421686747,39,5.87349397590361,38,5.72289156626506,20,3.01204819277108,190,28.6144578313253,0,0,0,0,0,0,123,18.5240963855422,31,4.66867469879518,3,0.451807228915663,20,3.01204819277108,22,3.31325301204819,0,0,24,3.6144578313253,38,5.72289156626506,5,0.753012048192771,34,5.12048192771084,141,21.2349397590361,213,32.078313253012,115,17.3192771084337,160,24.0963855421687,70,10.5421686746988,2,0.301204819277108,152,22.8915662650602,149,22.4397590361446,0,0,0,0,0,0
"Missouri",1393,10,0.717875089734386,40,2.87150035893754,336,24.1206030150754,28,2.01005025125628,16,1.14860014357502,23,1.65111270638909,21,1.50753768844221,209,15.0035893754487,0,0,24,1.72290021536253,24,1.72290021536253,103,7.39411342426418,82,5.88657573582197,73,5.24048815506102,44,3.1586503948313,72,5.16870064608758,18,1.2921751615219,31,2.2254127781766,73,5.24048815506102,45,3.23043790380474,13,0.933237616654702,175,12.5628140703518,112,8.04020100502512,206,14.7882268485284,181,12.9935391241924,135,9.69131371141421,8,0.574300071787509,86,6.17372577171572,105,7.53768844221105,0,0,0,0,0,0
"Montana",271,1,0.3690036900369,4,1.4760147601476,31,11.4391143911439,36,13.2841328413284,17,6.27306273062731,76,28.0442804428044,27,9.96309963099631,37,13.6531365313653,10,3.690036900369,0,0,0,0,7,2.5830258302583,3,1.1070110701107,5,1.8450184501845,1,0.3690036900369,2,0.738007380073801,0,0,8,2.9520295202952,10,3.690036900369,11,4.0590405904059,21,7.74907749077491,20,7.38007380073801,1,0.3690036900369,29,10.7011070110701,9,3.3210332103321,7,2.5830258302583,0,0,11,4.0590405904059,10,3.690036900369,0,0,0,0,0,0
"Nebraska",532,10,1.8796992481203,26,4.88721804511278,45,8.45864661654135,12,2.25563909774436,5,0.93984962406015,27,5.07518796992481,9,1.69172932330827,55,10.3383458646617,0,0,0,0,20,3.7593984962406,1,0.18796992481203,18,3.38345864661654,29,5.45112781954887,12,2.25563909774436,100,18.796992481203,2,0.37593984962406,28,5.26315789473684,56,10.5263157894737,8,1.50375939849624,31,5.82706766917293,12,2.25563909774436,16,3.00751879699248,19,3.57142857142857,22,4.13533834586466,30,5.6390977443609,19,3.57142857142857,10,1.8796992481203,17,3.19548872180451,0,0,0,0,0,0
"Nevada",687,18,2.62008733624454,8,1.16448326055313,4,0.582241630276565,17,2.4745269286754,3,0.436681222707424,197,28.6754002911208,36,5.24017467248908,21,3.05676855895197,0,0,152,22.1251819505095,40,5.82241630276565,12,1.74672489082969,71,10.334788937409,0,0,70,10.1892285298399,93,13.5371179039301,3,0.436681222707424,1,0.145560407569141,8,1.16448326055313,39,5.67685589519651,23,3.34788937409025,12,1.74672489082969,24,3.49344978165939,44,6.40465793304221,41,5.96797671033479,63,9.1703056768559,108,15.7205240174673,61,8.87918486171761,43,6.25909752547307,0,0,0,0,0,0
"New Hampshire",295,1,0.338983050847458,0,0,4,1.35593220338983,14,4.74576271186441,2,0.677966101694915,0,0,0,0,8,2.71186440677966,0,0,0,0,9,3.05084745762712,1,0.338983050847458,8,2.71186440677966,8,2.71186440677966,10,3.38983050847458,14,4.74576271186441,2,0.677966101694915,7,2.3728813559322,0,0,0,0,11,3.72881355932203,17,5.76271186440678,0,0,3,1.01694915254237,7,2.3728813559322,11,3.72881355932203,2,0.677966101694915,3,1.01694915254237,1,0.338983050847458,0,0,0,0,0,0
"New Jersey",2010,2,0.099502487562189,31,1.54228855721393,9,0.447761194029851,219,10.8955223880597,68,3.38308457711443,121,6.01990049751244,18,0.895522388059702,64,3.18407960199005,0,0,249,12.3880597014925,99,4.92537313432836,12,0.597014925373134,292,14.5273631840796,76,3.78109452736318,154,7.66169154228856,248,12.3383084577114,190,9.45273631840796,261,12.9850746268657,94,4.67661691542289,9,0.447761194029851,322,16.0199004975124,0,0,0,0,0,0,73,3.6318407960199,217,10.7960199004975,314,15.6218905472637,153,7.61194029850746,118,5.87064676616915,0,0,0,0,0,0
"New Mexico",499,88,17.6352705410822,23,4.60921843687375,24,4.80961923847695,31,6.2124248496994,17,3.40681362725451,244,48.8977955911824,114,22.8456913827655,42,8.41683366733467,0,0,17,3.40681362725451,9,1.80360721442886,51,10.2204408817635,15,3.0060120240481,3,0.601202404809619,2,0.400801603206413,3,0.601202404809619,1,0.200400801603206,40,8.01603206412826,3,0.601202404809619,15,3.0060120240481,18,3.60721442885772,36,7.21442885771543,46,9.21843687374749,37,7.41482965931864,25,5.01002004008016,36,7.21442885771543,54,10.8216432865731,61,12.2244488977956,72,14.4288577154309,0,0,0,0,0,0
"New York",4919,2,0.0406586704614759,22,0.447245375076235,15,0.304940028461069,423,8.59930880260216,138,2.80544826184184,37,0.752185403537304,1,0.020329335230738,253,5.1433218133767,0,0,776,15.7755641390527,219,4.45212441553161,134,2.72413092091889,801,16.2837975198211,321,6.52571660906688,686,13.9459239682862,1731,35.1900792844074,715,14.5354746899776,245,4.9806871315308,143,2.90709493799553,90,1.82964017076642,588,11.9536491156739,514,10.4492783085993,278,5.65155519414515,132,2.68347225045741,121,2.45984956291929,632,12.8481398658264,977,19.861760520431,402,8.17239276275666,491,9.98170359829233,0,0,0,0,0,0
"North Carolina",2195,376,17.129840546697,224,10.2050113895216,38,1.73120728929385,130,5.92255125284738,52,2.36902050113895,116,5.28473804100228,45,2.0501138952164,170,7.74487471526196,0,0,0,0,35,1.59453302961276,243,11.0706150341686,107,4.874715261959,10,0.455580865603645,1,0.0455580865603645,5,0.227790432801822,11,0.501138952164009,48,2.18678815489749,48,2.18678815489749,29,1.32118451025057,133,6.05922551252847,151,6.87927107061503,279,12.7107061503417,265,12.0728929384966,181,8.24601366742597,142,6.46924829157175,40,1.82232346241458,168,7.65375854214123,164,7.47152619589977,0,0,0,0,0,0
"North Dakota",205,0,0,10,4.8780487804878,11,5.36585365853659,3,1.46341463414634,0,0,12,5.85365853658537,1,0.48780487804878,11,5.36585365853659,0,0,0,0,0,0,1,0.48780487804878,1,0.48780487804878,0,0,3,1.46341463414634,39,19.0243902439024,0,0,0,0,3,1.46341463414634,2,0.975609756097561,0,0,6,2.92682926829268,4,1.95121951219512,6,2.92682926829268,5,2.4390243902439,2,0.975609756097561,0,0,2,0.975609756097561,6,2.92682926829268,0,0,0,0,0,0
"Ohio",2952,12,0.40650406504065,9,0.304878048780488,10,0.338753387533875,115,3.89566395663957,75,2.54065040650406,0,0,0,0,383,12.9742547425474,0,0,39,1.32113821138211,90,3.04878048780488,134,4.53929539295393,219,7.41869918699187,429,14.5325203252033,67,2.26964769647696,238,8.06233062330623,172,5.82655826558266,85,2.87940379403794,230,7.79132791327913,86,2.91327913279133,104,3.5230352303523,649,21.9850948509485,444,15.0406504065041,481,16.2940379403794,515,17.4457994579946,345,11.6869918699187,20,0.677506775067751,398,13.4823848238482,389,13.1775067750678,0,0,0,0,0,0
"Oklahoma",1046,101,9.65583173996176,119,11.376673040153,297,28.3938814531549,17,1.62523900573614,13,1.24282982791587,320,30.5927342256214,181,17.3040152963671,119,11.376673040153,82,7.83938814531549,0,0,15,1.434034416826,84,8.03059273422562,24,2.29445506692161,42,4.01529636711281,22,2.10325047801147,32,3.05927342256214,3,0.286806883365201,14,1.33843212237094,53,5.06692160611855,11,1.05162523900574,2,0.191204588910134,158,15.1051625239006,93,8.89101338432122,250,23.9005736137667,206,19.6940726577438,70,6.69216061185468,33,3.15487571701721,64,6.11854684512428,83,7.93499043977056,0,0,0,0,0,0
"Oregon",834,0,0,40,4.79616306954436,31,3.71702637889688,154,18.4652278177458,73,8.75299760191846,56,6.71462829736211,28,3.35731414868106,10,1.19904076738609,35,4.19664268585132,46,5.51558752997602,14,1.67865707434053,22,2.6378896882494,32,3.83693045563549,4,0.479616306954436,11,1.3189448441247,29,3.47721822541966,5,0.599520383693046,8,0.959232613908873,36,4.31654676258993,0,0,30,3.59712230215827,73,8.75299760191846,1,0.119904076738609,53,6.35491606714628,15,1.79856115107914,19,2.27817745803357,17,2.03836930455636,32,3.83693045563549,19,2.27817745803357,0,0,0,0,0,0
"Pennsylvania",3218,3,0.0932256059664388,23,0.714729645742697,5,0.155376009944065,267,8.29707893101305,128,3.97762585456805,0,0,0,0,405,12.5854568054692,0,0,24,0.74580484773151,73,2.26848974518334,90,2.79676817899316,196,6.09073958980733,441,13.7041640770665,198,6.15288999378496,299,9.29148539465507,62,1.9266625233064,117,3.63579863269111,187,5.81106277190802,136,4.22622747047856,147,4.5680546923555,428,13.3001864512119,202,6.27719080174021,175,5.43816034804226,267,8.29707893101305,328,10.1926662523306,120,3.72902423865755,254,7.89310130515848,259,8.04847731510255,0,0,0,0,0,0
"Rhode Island",244,0,0,0,0,0,0,5,2.04918032786885,1,0.409836065573771,0,0,0,0,21,8.60655737704918,0,0,0,0,19,7.78688524590164,0,0,28,11.4754098360656,18,7.37704918032787,34,13.9344262295082,55,22.5409836065574,32,13.1147540983607,2,0.819672131147541,17,6.9672131147541,1,0.409836065573771,17,6.9672131147541,48,19.672131147541,3,1.22950819672131,2,0.819672131147541,6,2.45901639344262,25,10.2459016393443,36,14.7540983606557,19,7.78688524590164,18,7.37704918032787,0,0,0,0,0,0
"South Carolina",1103,122,11.0607434270172,25,2.26654578422484,7,0.634632819582956,117,10.6074342701723,33,2.99184043517679,134,12.1486854034451,53,4.80507706255666,151,13.689936536718,0,0,3,0.271985494106981,0,0,219,19.8549410698096,45,4.07978241160471,2,0.181323662737987,0,0,4,0.362647325475975,1,0.0906618313689937,35,3.17316409791478,29,2.62919310970082,41,3.71713508612874,45,4.07978241160471,114,10.3354487760653,227,20.5802357207616,129,11.6953762466002,147,13.3272892112421,82,7.43427017225748,4,0.362647325475975,112,10.1541251133273,96,8.70353581142339,0,0,0,0,0,0
"South Dakota",222,3,1.35135135135135,15,6.75675675675676,53,23.8738738738739,6,2.7027027027027,1,0.45045045045045,45,20.2702702702703,15,6.75675675675676,19,8.55855855855856,0,0,0,0,0,0,0,0,2,0.900900900900901,2,0.900900900900901,1,0.45045045045045,29,13.0630630630631,0,0,1,0.45045045045045,8,3.6036036036036,5,2.25225225225225,2,0.900900900900901,9,4.05405405405405,5,2.25225225225225,24,10.8108108108108,8,3.6036036036036,8,3.6036036036036,1,0.45045045045045,12,5.40540540540541,12,5.40540540540541,0,0,0,0,0,0
"Tennessee",1497,56,3.74081496325985,78,5.21042084168337,130,8.68403473613894,72,4.80961923847695,49,3.27321309285237,8,0.53440213760855,5,0.334001336005344,120,8.01603206412826,0,0,30,2.00400801603206,37,2.47160988643955,180,12.0240480961924,96,6.4128256513026,22,1.46960587842351,20,1.33600534402138,28,1.87040748162993,2,0.133600534402138,45,3.0060120240481,75,5.01002004008016,8,0.53440213760855,0,0,158,10.5544422177689,253,16.9004676018704,290,19.37207748831,292,19.5056780227121,133,8.88443553774215,22,1.46960587842351,143,9.55243820975284,141,9.4188376753507,0,0,0,0,0,0
"Texas",5265,168,3.19088319088319,800,15.1946818613485,321,6.0968660968661,461,8.75593542260209,238,4.52041785375119,1132,21.5004748338082,417,7.92022792022792,382,7.25546058879392,266,5.05223171889839,37,0.702754036087369,197,3.74169040835708,372,7.06552706552706,309,5.86894586894587,93,1.76638176638177,190,3.60873694207028,306,5.81196581196581,19,0.360873694207028,161,3.05792972459639,457,8.67996201329535,94,1.78537511870845,31,0.588793922127255,74,1.40550807217474,980,18.6134852801519,377,7.16049382716049,323,6.13485280151947,551,10.4653371320038,1067,20.2659069325736,276,5.24216524216524,549,10.4273504273504,0,0,0,0,0,0
"Utah",588,0,0,6,1.02040816326531,67,11.3945578231293,39,6.63265306122449,8,1.36054421768707,182,30.952380952381,20,3.40136054421769,4,0.680272108843537,0,0,4,0.680272108843537,13,2.2108843537415,2,0.340136054421769,9,1.53061224489796,5,0.850340136054422,9,1.53061224489796,22,3.74149659863946,2,0.340136054421769,22,3.74149659863946,10,1.70068027210884,32,5.4421768707483,7,1.19047619047619,32,5.4421768707483,2,0.340136054421769,2,0.340136054421769,9,1.53061224489796,15,2.55102040816327,6,1.02040816326531,6,1.02040816326531,10,1.70068027210884,0,0,0,0,0,0
"Vermont",184,0,0,1,0.543478260869565,0,0,13,7.06521739130435,2,1.08695652173913,0,0,0,0,21,11.4130434782609,0,0,0,0,0,0,3,1.6304347826087,2,1.08695652173913,1,0.543478260869565,2,1.08695652173913,3,1.6304347826087,1,0.543478260869565,5,2.71739130434783,0,0,1,0.543478260869565,7,3.80434782608696,6,3.26086956521739,0,0,1,0.543478260869565,3,1.6304347826087,2,1.08695652173913,0,0,0,0,2,1.08695652173913,0,0,0,0,0,0
"Virginia",1907,34,1.78290508652333,13,0.681699003670687,4,0.209753539590981,144,7.5511274252753,53,2.77923439958049,30,1.57315154693235,2,0.10487676979549,133,6.9743051914001,0,0,1,0.0524383848977451,32,1.67802831672784,114,5.97797587834295,92,4.82433141059255,9,0.471945464079706,2,0.10487676979549,23,1.20608285264814,5,0.262191924488726,43,2.25485055060304,22,1.15364446775039,7,0.367068694284216,4,0.209753539590981,125,6.55479811221814,139,7.28893550078658,99,5.19140010487677,130,6.81699003670687,168,8.80964866282118,59,3.09386470896696,84,4.40482433141059,72,3.77556371263765,0,0,0,0,0,0
"Washington",1458,0,0,13,0.891632373113855,113,7.75034293552812,146,10.0137174211248,42,2.88065843621399,105,7.20164609053498,29,1.98902606310014,6,0.411522633744856,32,2.19478737997256,34,2.33196159122085,33,2.26337448559671,20,1.37174211248285,36,2.46913580246914,11,0.754458161865569,16,1.09739368998628,53,3.63511659807956,24,1.64609053497942,70,4.80109739368999,56,3.84087791495199,1,0.0685871056241426,71,4.86968449931413,85,5.82990397805213,5,0.342935528120713,32,2.19478737997256,32,2.19478737997256,52,3.56652949245542,74,5.07544581618656,40,2.74348422496571,31,2.12620027434842,0,0,0,0,0,0
"West Virginia",484,1,0.206611570247934,26,5.37190082644628,15,3.09917355371901,223,46.0743801652893,160,33.0578512396694,5,1.03305785123967,5,1.03305785123967,60,12.396694214876,0,0,0,0,4,0.826446280991736,105,21.6942148760331,8,1.65289256198347,15,3.09917355371901,3,0.619834710743802,4,0.826446280991736,0,0,18,3.71900826446281,20,4.13223140495868,85,17.5619834710744,11,2.27272727272727,111,22.9338842975207,119,24.5867768595041,266,54.9586776859504,83,17.1487603305785,24,4.95867768595041,0,0,68,14.0495867768595,51,10.5371900826446,0,0,0,0,0,0
"Wisconsin",1409,0,0,5,0.35486160397445,2,0.14194464158978,42,2.98083747338538,21,1.49041873669269,2,0.14194464158978,0,0,91,6.45848119233499,0,0,0,0,53,3.76153300212917,24,1.70333569907736,96,6.81334279630944,124,8.80056777856636,22,1.56139105748758,65,4.61320085166785,38,2.69694819020582,30,2.1291696238467,95,6.74237047551455,4,0.28388928317956,73,5.18097941802697,104,7.38112136266856,48,3.40667139815472,25,1.77430801987225,53,3.76153300212917,94,6.67139815471966,28,1.98722498225692,57,4.04542228530873,87,6.17459190915543,0,0,0,0,0,0
"Wyoming",132,0,0,0,0,6,4.54545454545455,8,6.06060606060606,2,1.51515151515152,80,60.6060606060606,11,8.33333333333333,4,3.03030303030303,0,0,0,0,0,0,0,0,0,0,1,0.757575757575758,0,0,0,0,0,0,0,0,0,0,0,0,4,3.03030303030303,1,0.757575757575758,0,0,0,0,1,0.757575757575758,1,0.757575757575758,0,0,2,1.51515151515152,0,0,0,0,0,0,0,0
"American Samoa",18,0,0,0,0,0,0,0,0,0,0,0,0,0,0,0,0,0,0,0,0,0,0,0,0,0,0,0,0,0,0,0,0,0,0,0,0,0,0,0,0,0,0,0,0,0,0,0,0,0,0,0,0,0,0,0,0,0,0,2,11.1111111111111,16,88.8888888888889,1,5.55555555555556
"Guam",57,0,0,0,0,0,0,0,0,0,0,0,0,0,0,0,0,0,0,0,0,0,0,0,0,0,0,0,0,0,0,0,0,0,0,0,0,0,0,0,0,0,0,0,0,0,0,0,0,0,0,0,0,0,0,0,0,0,0,5,8.7719298245614,4,7.01754385964912,3,5.26315789473684
"Northern Mariana Islands",25,0,0,0,0,0,0,0,0,0,0,0,0,0,0,0,0,0,0,0,0,0,0,0,0,0,0,0,0,0,0,0,0,0,0,0,0,0,0,0,0,0,0,0,0,0,0,0,0,0,0,0,0,0,0,0,0,0,0,7,28,19,76,3,12
"Puerto Rico",945,0,0,0,0,0,0,120,12.6984126984127,115,12.1693121693122,0,0,0,0,259,27.4074074074074,0,0,6,0.634920634920635,50,5.29100529100529,0,0,11,1.16402116402116,10,1.05820105820106,0,0,0,0,3,0.317460317460317,89,9.41798941798942,93,9.84126984126984,82,8.67724867724868,17,1.7989417989418,0,0,0,0,0,0,0,0,62,6.56084656084656,0,0,581,61.4814814814815,700,74.0740740740741,0,0,0,0,0,0
"Virgin Islands",32,0,0,0,0,0,0,0,0,0,0,0,0,0,0,0,0,0,0,0,0,0,0,0,0,0,0,0,0,0,0,0,0,0,0,0,0,0,0,0,0,0,0,0,0,0,0,0,0,0,0,0,0,0,0,0,0,0,0,3,9.375,5,15.625,5,15.625
